date,THAI_EQ,GLOBAL_EQ,TECH,BOND,GOLD
2023-08-01,10.0000,100.0000,250.0000,12.0000,30.0000
2023-08-02,10.0477,101.5873,254.5014,12.0338,29.8149
2023-08-03,9.9384,101.5833,254.4439,11.9973,29.8887
2023-08-04,9.8389,101.1310,255.2368,11.9913,29.4919
2023-08-07,9.7834,101.6319,253.1516,11.9946,29.5833
2023-08-08,9.7609,102.2719,254.8823,11.9690,29.8418
2023-08-09,9.6530,102.7153,257.7526,11.9201,29.8014
2023-08-10,9.7917,103.5824,263.4832,11.9585,30.1663
2023-08-11,9.8262,104.6975,258.9499,11.9772,30.5470
2023-08-14,9.7649,105.0840,254.7877,12.0089,30.2938
2023-08-15,9.8978,105.1773,257.4465,12.0382,30.6591
2023-08-16,9.8996,103.2433,248.5484,12.0949,30.7315
2023-08-17,9.8525,101.4931,240.2779,12.0644,30.6211
2023-08-18,9.8436,101.9514,240.1900,12.0742,30.2565
2023-08-21,10.0257,102.0887,239.8676,12.0526,30.4292
2023-08-22,9.9625,102.7012,242.9709,12.0562,30.8097
2023-08-23,9.9245,102.0962,241.7233,12.1537,30.4739
2023-08-24,9.8970,100.6518,236.3207,12.1697,30.3680
2023-08-25,9.8544,101.2342,236.0444,12.1830,30.5623
2023-08-28,9.8360,101.1674,238.3743,12.1918,30.6865
2023-08-29,9.8168,101.7910,234.0586,12.1950,30.7370
2023-08-30,9.6165,100.6478,230.2764,12.1890,30.6936
2023-08-31,9.6613,99.9401,227.7727,12.1438,30.5862
2023-09-01,9.7408,101.3322,232.6839,12.1193,30.5568
2023-09-04,9.8602,100.4937,225.2570,12.0882,30.6384
2023-09-05,10.1007,101.5850,230.2359,12.0871,30.4086
2023-09-06,9.9835,100.4247,227.9055,12.0938,29.8436
2023-09-07,10.0951,100.9834,228.0264,12.0871,29.8067
2023-09-08,9.9198,101.1078,225.1312,12.0493,29.4640
2023-09-11,9.7897,100.3887,221.8072,12.0644,29.3305
2023-09-12,9.6956,101.4463,226.5372,12.0518,29.2265
2023-09-13,9.3919,99.1539,222.4361,12.0456,29.3161
2023-09-14,9.5018,99.1048,223.2062,12.0747,29.5001
2023-09-15,9.4646,97.6397,220.6393,12.1218,29.4742
2023-09-18,9.5267,99.2386,227.3137,12.1304,29.9899
2023-09-19,9.5433,99.9787,231.6915,12.1742,30.2550
2023-09-20,9.7377,100.5854,231.5389,12.1414,30.1297
2023-09-21,9.8069,100.6206,230.9577,12.1933,30.1941
2023-09-22,9.9286,100.6737,230.7535,12.2082,30.1138
2023-09-25,10.0309,102.5540,232.4092,12.1670,30.2307
2023-09-26,9.9569,102.8739,233.3023,12.1535,30.7092
2023-09-27,9.9285,101.1935,227.7425,12.1642,30.7844
2023-09-28,9.9606,99.9543,227.0506,12.0946,30.3922
2023-09-29,9.9615,100.9379,234.2080,12.1338,29.8349
2023-10-02,9.9682,100.7718,233.5292,12.1219,29.5731
2023-10-03,9.8283,101.6246,235.5588,12.0944,29.7531
2023-10-04,9.6834,100.9199,231.7459,12.1067,29.3885
2023-10-05,9.7114,99.6892,227.1165,12.1217,29.1466
2023-10-06,9.8572,99.3622,226.5363,12.1249,29.3982
2023-10-09,9.7855,99.9751,224.0658,12.1197,29.3426
2023-10-10,9.7438,99.0767,221.6985,12.0942,29.0445
2023-10-11,9.8193,98.3767,217.2742,12.1058,29.1615
2023-10-12,9.8762,99.3935,218.0212,12.1165,28.9970
2023-10-13,9.9676,99.5803,220.4909,12.1286,28.7330
2023-10-16,9.9880,98.6946,217.2416,12.1241,28.9182
2023-10-17,9.9327,98.9551,218.7589,12.0406,28.5347
2023-10-18,9.8540,97.3323,218.6420,12.0611,28.5186
2023-10-19,10.0035,98.4751,223.1416,12.1001,28.3149
2023-10-20,10.1406,98.7494,224.6917,12.0538,28.5835
2023-10-23,10.1729,98.4711,220.6826,12.0549,28.3642
2023-10-24,10.1701,99.6382,218.8684,12.1073,28.2844
2023-10-25,10.1413,100.1560,220.1223,12.1087,27.9987
2023-10-26,10.1393,99.3497,214.6205,12.1099,28.4150
2023-10-27,10.2614,100.6522,220.9866,12.0768,28.3898
2023-10-30,10.1497,100.4053,220.3924,12.0192,28.3722
2023-10-31,10.1586,100.3250,218.0047,12.0667,28.5860
2023-11-01,10.1942,99.7563,215.2520,12.0587,28.1373
2023-11-02,10.3136,99.4636,213.9864,12.0831,28.1344
2023-11-03,10.2861,98.4479,211.6777,12.0579,28.3265
2023-11-06,10.3461,97.2762,207.5105,12.0993,28.5270
2023-11-07,10.3948,96.8948,206.5024,12.1426,28.6662
2023-11-08,10.5006,97.8365,207.5307,12.2085,29.4139
2023-11-09,10.5769,98.2319,207.5796,12.2269,29.6497
2023-11-10,10.6551,100.5103,216.5701,12.2239,29.8518
2023-11-13,10.7052,100.6220,213.5260,12.1803,29.9563
2023-11-14,10.5848,101.4482,216.3714,12.1615,29.6073
2023-11-15,10.6207,102.2741,222.7855,12.1633,29.9599
2023-11-16,10.8216,103.2265,226.0495,12.2124,30.2771
2023-11-17,10.8784,104.1301,230.8942,12.2295,30.2284
2023-11-20,10.7859,103.8585,233.3677,12.2043,30.3679
2023-11-21,10.7999,104.0196,232.3441,12.1557,30.1555
2023-11-22,10.6438,102.0573,221.8122,12.1675,30.2270
2023-11-23,10.5505,103.0699,225.3539,12.1761,30.2584
2023-11-24,10.4896,101.6099,220.1350,12.2435,30.2492
2023-11-27,10.4069,102.3131,224.8365,12.2572,30.3699
2023-11-28,10.5926,105.8752,233.9937,12.3182,30.1470
2023-11-29,10.6121,104.4822,232.2083,12.3200,30.1122
2023-11-30,10.6754,105.3017,233.5006,12.3318,30.0467
2023-12-01,10.7692,106.7145,238.0979,12.3503,30.2437
2023-12-04,10.9488,106.8697,234.9204,12.4367,30.4912
2023-12-05,11.0839,106.3983,235.7718,12.3968,29.9666
2023-12-06,10.7871,103.8139,225.8917,12.3686,29.5947
2023-12-07,10.7769,105.2698,232.6387,12.3493,29.6375
2023-12-08,10.6799,104.4328,225.9904,12.3236,29.3237
2023-12-11,10.6592,103.4304,220.8727,12.3427,28.9925
2023-12-12,10.7236,104.2038,226.1220,12.3512,29.4895
2023-12-13,10.7465,103.6902,227.6851,12.3751,29.1736
2023-12-14,10.8219,104.2850,228.5492,12.4090,29.1505
2023-12-15,10.6985,103.8882,226.8727,12.4184,29.3678
2023-12-18,10.8238,102.8930,222.6870,12.4278,29.0041
2023-12-19,10.6530,102.2163,217.3116,12.4372,29.0950
2023-12-20,10.6705,103.2335,220.7268,12.4741,28.9564
2023-12-21,10.6206,102.7001,220.4432,12.4648,28.9408
2023-12-22,10.6944,104.0573,224.6997,12.4518,28.8822
2023-12-25,10.7195,102.3942,218.7309,12.4874,28.5488
2023-12-26,10.7157,102.2574,218.0361,12.4394,28.3177
2023-12-27,10.7866,102.9165,220.3813,12.4363,28.3981
2023-12-28,10.6123,101.7134,214.2904,12.4710,28.2396
2023-12-29,10.6608,103.2325,219.6748,12.4933,28.0986
2024-01-01,10.5966,103.2928,216.8948,12.4816,28.3773
2024-01-02,10.6690,103.5026,216.6654,12.5314,28.1795
2024-01-03,10.6850,104.1042,219.4823,12.5441,28.1055
2024-01-04,10.7431,105.4070,224.4242,12.5738,28.4024
2024-01-05,10.7342,107.8071,228.2368,12.5758,28.3979
2024-01-08,10.8558,109.5246,230.2111,12.5882,28.5088
2024-01-09,10.6929,107.8321,228.1945,12.6428,28.4629
2024-01-10,10.7242,108.3971,229.2512,12.6785,28.3689
2024-01-11,10.4562,106.9305,222.1581,12.6174,28.6319
2024-01-12,10.5067,106.1921,214.3098,12.5917,28.4066
2024-01-15,10.4475,107.5919,220.0292,12.6131,28.3057
2024-01-16,10.2799,105.6169,214.9704,12.6098,28.0555
2024-01-17,10.1438,105.9781,214.0196,12.6413,28.7576
2024-01-18,10.0471,104.8911,212.4617,12.6311,28.8805
2024-01-19,9.9360,106.0748,217.0790,12.6694,28.6730
2024-01-22,10.0982,106.9279,217.4568,12.6925,28.7985
2024-01-23,10.3133,108.0735,218.1244,12.6626,28.5062
2024-01-24,10.2016,108.2685,217.9246,12.6969,28.5969
2024-01-25,10.1492,108.8223,217.5717,12.6685,29.0383
2024-01-26,10.2936,111.1731,227.3576,12.7001,28.8048
2024-01-29,10.1954,111.7477,229.1645,12.7553,29.4012
2024-01-30,10.2037,112.0404,226.5245,12.7490,29.7117
2024-01-31,10.1968,112.7353,232.6555,12.7218,29.4790
2024-02-01,10.3107,114.2778,235.5107,12.7716,29.8461
2024-02-02,10.2851,114.6990,236.4704,12.7865,29.7438
2024-02-05,10.1412,113.7699,231.1520,12.7866,29.7841
2024-02-06,10.0446,113.3232,231.9492,12.7264,29.7815
2024-02-07,9.9310,114.3349,232.9451,12.6700,29.5227
2024-02-08,9.8643,113.5349,231.1207,12.7250,29.5047
2024-02-09,9.8103,111.0230,222.3282,12.6850,29.7412
2024-02-12,9.8397,110.7097,220.4863,12.6186,29.3382
2024-02-13,9.8039,110.8955,226.3912,12.5592,29.4233
2024-02-14,9.7119,109.5256,223.7993,12.5835,29.2182
2024-02-15,9.5278,107.1955,217.8745,12.7024,29.4655
2024-02-16,9.5455,106.8669,215.1695,12.7531,29.5168
2024-02-19,9.6153,108.1121,219.9966,12.7049,29.3911
2024-02-20,9.5432,108.8052,221.3891,12.7036,29.0883
2024-02-21,9.6356,107.7823,224.8982,12.8063,28.9069
2024-02-22,9.5918,108.4284,226.2741,12.7917,28.6553
2024-02-23,9.6070,109.7044,226.0332,12.7861,28.5753
2024-02-26,9.5930,109.8394,225.6201,12.7732,28.6405
2024-02-27,9.4100,110.1050,225.2211,12.7811,28.0818
2024-02-28,9.5078,112.0917,229.6977,12.8330,28.0935
2024-02-29,9.7185,112.2916,228.8453,12.8171,27.9270
2024-03-01,9.6578,114.0680,233.7790,12.8527,27.7446
2024-03-04,9.6651,114.4804,231.7437,12.9022,27.8408
2024-03-05,9.6351,113.2402,230.5636,12.9029,28.0295
2024-03-06,9.7493,113.8517,228.6988,12.8640,27.9858
2024-03-07,9.7032,112.0030,223.1778,12.8984,28.0721
2024-03-08,9.8606,115.0241,229.0940,12.8919,27.8120
2024-03-11,9.8504,115.9660,229.0145,12.8361,27.6717
2024-03-12,9.8688,117.2086,232.9050,12.8516,28.0694
2024-03-13,9.7381,115.9986,230.6191,12.9361,27.8583
2024-03-14,9.8223,116.6741,233.1387,13.0104,27.8432
2024-03-15,9.7782,116.3996,229.9704,13.0035,27.8293
2024-03-18,9.8483,118.6417,236.4460,13.0141,28.1121
2024-03-19,9.8456,119.6089,237.6222,13.0509,28.1158
2024-03-20,9.8978,119.9612,236.5858,13.0322,28.0141
2024-03-21,9.8885,119.5026,238.8822,13.0352,27.9186
2024-03-22,10.0191,119.9158,240.8788,12.9722,27.5573
2024-03-25,10.0686,119.4229,238.1891,12.9516,27.6623
2024-03-26,10.0514,119.3335,236.4266,12.9890,27.7220
2024-03-27,10.2104,120.4570,237.4067,12.9564,27.7131
2024-03-28,10.3076,122.9718,245.0588,12.9246,28.0477
2024-03-29,10.2628,122.0334,240.8525,12.9057,27.9540
2024-04-01,10.3722,122.9969,244.1256,12.9343,28.3268
2024-04-02,10.4665,122.9459,239.0768,13.0039,28.5094
2024-04-03,10.3108,123.0621,237.8903,13.0190,28.4811
2024-04-04,10.2744,122.0760,236.4035,13.0655,29.1087
2024-04-05,10.3446,122.9866,239.7505,13.0238,28.8779
2024-04-08,10.4261,123.1889,241.1004,13.0851,28.8545
2024-04-09,10.5998,123.4907,234.8789,13.0917,29.0048
2024-04-10,10.6662,122.0045,231.0934,13.0945,29.2514
2024-04-11,10.8146,124.3113,236.4916,13.1136,29.4016
2024-04-12,10.8853,123.5108,232.0526,13.1296,29.2473
2024-04-15,10.8991,124.9000,240.3880,13.1722,29.3907
2024-04-16,10.6248,121.6571,232.3199,13.1844,29.0562
2024-04-17,10.8309,121.2562,231.8932,13.1831,29.2653
2024-04-18,10.8478,122.4281,230.4487,13.2036,29.7554
2024-04-19,10.8001,121.3056,225.7402,13.1732,30.0252
2024-04-22,10.8935,119.7854,224.1399,13.1657,30.2565
2024-04-23,10.8950,118.0761,219.1262,13.1348,30.3769
2024-04-24,10.8019,116.1661,211.4751,13.1840,30.1406
2024-04-25,10.7782,116.1036,212.9507,13.2457,30.0786
2024-04-26,10.6446,115.8687,214.0677,13.2300,30.3889
2024-04-29,10.5865,114.2575,211.3520,13.1695,30.2928
2024-04-30,10.5685,113.0386,206.8181,13.1432,30.0909
2024-05-01,10.6758,115.0599,213.3859,13.1716,30.7745
2024-05-02,10.7270,115.5855,213.6326,13.0810,30.8883
2024-05-03,10.8586,116.8504,215.8654,13.0434,30.5067
2024-05-06,10.8276,115.4983,214.9204,13.0914,30.6177
2024-05-07,10.8004,115.4782,216.7469,13.1117,30.8364
2024-05-08,10.6642,114.0302,211.8354,13.1436,30.6531
2024-05-09,10.6805,114.4765,211.1509,13.1314,30.4451
2024-05-10,10.6599,115.5821,214.3369,13.1015,30.1091
2024-05-13,10.6897,117.1256,218.8555,13.0848,30.0911
2024-05-14,10.9621,117.6858,221.1195,13.0810,30.4263
2024-05-15,10.9810,116.4409,216.0244,13.0773,30.3686
2024-05-16,10.8631,117.9458,215.8700,13.0664,30.3471
2024-05-17,11.0401,119.7304,222.3855,13.0609,30.7603
2024-05-20,10.9669,121.1741,225.2960,13.0999,31.1031
2024-05-21,10.8521,120.6712,221.7415,13.0721,31.2282
2024-05-22,10.9599,120.5973,225.4280,13.0690,31.4621
2024-05-23,10.8411,121.6838,222.9746,13.0938,31.5234
2024-05-24,10.8614,122.2773,228.5202,13.1009,31.3012
2024-05-27,10.9421,122.0626,227.7013,13.0865,31.2299
2024-05-28,10.8160,121.8210,227.8261,13.1349,30.9380
2024-05-29,10.7891,120.8906,226.9566,13.1471,31.3840
2024-05-30,10.9213,121.7078,227.7225,13.1492,31.4425
2024-05-31,10.9260,122.7184,226.2314,13.1663,31.5619
2024-06-03,10.9949,122.2496,227.0369,13.1405,31.8363
2024-06-04,10.8796,119.6039,218.3673,13.1319,31.7710
2024-06-05,10.8350,117.5738,215.3490,13.0930,31.5714
2024-06-06,10.9225,118.8242,218.5699,13.1154,31.1193
2024-06-07,10.8773,119.5951,221.0424,13.0401,30.8906
2024-06-10,10.9874,119.7717,223.0614,13.0571,31.1131
2024-06-11,11.0760,119.2154,217.9562,13.1099,31.4576
2024-06-12,11.1653,121.3309,221.4856,13.0919,31.3373
2024-06-13,11.3385,121.4009,218.4536,13.1080,31.2572
2024-06-14,11.2654,121.1739,218.0920,13.1533,31.6607
2024-06-17,11.2121,120.8195,219.5984,13.1006,31.3147
2024-06-18,11.0541,119.4857,221.3900,13.0984,31.0661
2024-06-19,10.9876,119.8742,218.2011,13.1190,30.6460
2024-06-20,11.1142,120.8546,224.0458,13.0222,30.7130
2024-06-21,11.1280,121.2112,224.2939,12.9921,30.4047
2024-06-24,11.1784,121.8925,221.8690,12.9219,29.9592
2024-06-25,11.0758,121.6647,219.3521,12.9468,30.0059
2024-06-26,11.0488,120.9031,218.6088,12.9595,29.6512
2024-06-27,11.1216,122.1924,223.2411,12.9382,29.5610
2024-06-28,11.0385,121.8712,221.6423,12.8590,29.6189
2024-07-01,11.0644,121.8222,223.6964,12.8861,29.6415
2024-07-02,11.2011,122.7342,228.7683,12.9023,29.9583
2024-07-03,11.2364,123.2797,232.8812,12.8951,29.9003
2024-07-04,11.1956,122.9014,232.1487,12.8299,29.6686
2024-07-05,11.0341,120.2908,220.6364,12.8243,29.6996
2024-07-08,10.9825,121.5877,221.8782,12.8720,29.5947
2024-07-09,10.9025,119.6539,215.5159,12.9153,29.4492
2024-07-10,10.8627,121.0683,220.5855,12.9307,29.7199
2024-07-11,10.8057,120.8231,219.8595,12.9408,29.9556
2024-07-12,10.8071,120.7670,220.7456,13.0192,30.0662
2024-07-15,10.8837,122.8204,225.3599,13.0504,30.3832
2024-07-16,10.9141,122.6005,224.7215,13.0573,30.0505
2024-07-17,10.9891,125.4512,237.0983,13.0346,29.8962
2024-07-18,11.1440,125.9583,237.4875,13.0859,30.0165
2024-07-19,10.9601,124.8222,234.2022,13.0961,29.7441
2024-07-22,10.9162,123.7350,231.9359,13.1085,29.8044
2024-07-23,10.7844,120.3833,223.6516,13.0376,29.6495
2024-07-24,10.6891,120.5592,224.6958,13.0182,29.3202
2024-07-25,10.7811,122.2608,227.7702,13.0139,29.5753
2024-07-26,10.7982,122.1734,229.2319,13.0589,30.1698
2024-07-29,10.6799,122.4002,227.7384,13.0581,29.8864
2024-07-30,10.8655,124.3070,228.5540,13.0584,30.4594
2024-07-31,10.7557,123.4183,228.1872,13.0949,30.2138
2024-08-01,10.9975,124.3339,228.2818,13.0698,30.4858
2024-08-02,11.1052,124.9744,232.8527,13.0825,29.8805
2024-08-05,11.1137,124.4682,233.4844,13.0927,29.5768
2024-08-06,11.2448,124.5419,233.6536,13.0852,29.8370
2024-08-07,11.2498,123.6281,231.0280,13.1221,29.9047
2024-08-08,11.1608,125.7119,234.9341,13.1233,29.5001
2024-08-09,11.1827,124.4043,231.0531,13.1350,29.3075
2024-08-12,11.0370,123.4554,227.0769,13.0566,29.5264
2024-08-13,11.0144,124.2169,228.2772,13.0013,29.4572
2024-08-14,11.0477,122.3263,224.7357,13.0272,29.3088
2024-08-15,11.1254,119.4088,218.0135,13.0287,29.1324
2024-08-16,11.3096,119.3552,218.9387,13.0440,29.4806
2024-08-19,11.4053,119.1443,219.1035,13.0659,29.4661
2024-08-20,11.4019,118.9697,215.9655,13.0452,29.3102
2024-08-21,11.3296,121.5770,225.3268,13.0232,29.5062
2024-08-22,11.4306,122.6052,228.6766,13.0724,29.6138
2024-08-23,11.4226,121.0113,223.9130,13.0880,30.0736
2024-08-26,11.3113,118.9448,222.6205,13.1720,30.4255
2024-08-27,11.3833,119.4611,223.5333,13.1460,30.3546
2024-08-28,11.5376,119.9489,228.2130,13.2091,30.8319
2024-08-29,11.4751,117.1757,222.7765,13.1591,30.6817
2024-08-30,11.2996,115.8952,219.7183,13.1939,30.2397
2024-09-02,11.4200,116.7043,221.3806,13.1555,30.3475
2024-09-03,11.4455,118.9445,230.7039,13.1548,30.5763
2024-09-04,11.5203,117.3638,223.4410,13.1495,30.6696
2024-09-05,11.6003,118.0048,226.1517,13.1081,30.3197
2024-09-06,11.4022,116.8117,221.2729,13.0501,29.8521
2024-09-09,11.4581,116.9979,220.2622,13.0576,30.3409
2024-09-10,11.4473,116.2674,214.1402,13.0226,30.3311
2024-09-11,11.4304,115.2344,208.5107,13.0487,29.9038
2024-09-12,11.3292,115.7899,205.7343,13.0119,30.0351
2024-09-13,11.3418,114.8392,201.3881,13.0257,30.2382
2024-09-16,11.6582,119.4205,211.6397,13.0265,30.0907
2024-09-17,11.6471,118.0797,212.2110,13.0795,29.9570
2024-09-18,11.3737,116.3712,208.4170,13.0676,30.6134
2024-09-19,11.5304,116.9642,208.1030,13.0716,30.6397
2024-09-20,11.4196,115.8536,200.2828,13.0962,30.6450
2024-09-23,11.5397,116.1097,201.5247,13.0591,30.7605
2024-09-24,11.5341,116.7760,198.0830,13.0420,30.9338
2024-09-25,11.7450,117.9239,202.0660,13.0097,30.7362
2024-09-26,11.6532,115.9513,198.6318,13.0020,30.7717
2024-09-27,11.4979,112.3993,190.2906,13.0435,30.6612
2024-09-30,11.4761,112.5069,186.8896,13.0605,30.6436
2024-10-01,11.4898,113.3823,185.1293,13.0732,30.4535
2024-10-02,11.3898,111.9798,185.5940,13.0723,30.6988
2024-10-03,11.5090,113.3639,188.1349,13.1262,31.1215
2024-10-04,11.6823,114.6857,189.7645,13.1656,31.9277
2024-10-07,11.6208,113.8965,189.9289,13.1039,31.7541
2024-10-08,11.7282,114.6154,187.4414,13.1545,31.3285
2024-10-09,11.6744,115.1211,188.4772,13.1549,31.5543
2024-10-10,11.7225,116.1715,192.2873,13.1906,31.8544
2024-10-11,11.7050,115.1058,192.4022,13.2555,31.9685
2024-10-14,11.5783,115.7803,193.2449,13.2102,31.4393
2024-10-15,11.7044,116.3657,195.4562,13.2171,31.0588
2024-10-16,11.9462,117.4612,198.7680,13.1822,30.8553
2024-10-17,11.9570,117.9676,203.9903,13.2225,31.2859
2024-10-18,11.6716,114.9419,197.0621,13.2193,31.4573
2024-10-21,11.6007,113.7831,192.4894,13.2232,31.1710
2024-10-22,11.6046,111.8112,187.3353,13.2549,32.0343
2024-10-23,11.5064,109.5310,183.6374,13.3447,31.9753
2024-10-24,11.6871,111.3436,186.4062,13.4030,32.4570
2024-10-25,11.7688,109.0168,181.4151,13.3830,32.4056
2024-10-28,11.7865,111.9355,186.8769,13.3429,32.7386
2024-10-29,11.7559,111.4713,183.7259,13.2952,32.8494
2024-10-30,11.8297,111.1124,183.3035,13.2801,32.8551
2024-10-31,11.7649,111.0622,181.9638,13.2815,33.1142
2024-11-01,11.8766,111.5406,185.8955,13.2866,32.8729
2024-11-04,11.8890,111.1762,187.6785,13.2922,33.2055
2024-11-05,12.0796,113.7644,193.5624,13.2800,33.3190
2024-11-06,11.9113,112.6782,190.5285,13.1488,33.3040
2024-11-07,12.0555,113.9203,194.6280,13.0927,33.6250
2024-11-08,11.8977,112.3408,193.4054,13.1052,33.4410
2024-11-11,11.9589,111.1858,188.1214,13.1159,33.4383
2024-11-12,11.9313,110.7604,186.0798,13.1036,33.5281
2024-11-13,11.8945,111.4506,187.2107,13.2007,34.3284
2024-11-14,11.6573,110.7807,186.8349,13.1869,34.2466
2024-11-15,11.7094,111.3970,188.4714,13.2259,34.7726
2024-11-18,11.6954,108.9665,184.2796,13.2089,34.9581
2024-11-19,11.6417,109.0410,182.7120,13.2193,34.9220
2024-11-20,11.7325,111.2078,186.0270,13.1370,35.2995
2024-11-21,11.6088,111.7239,190.7724,13.1167,35.2891
2024-11-22,11.5298,109.0089,183.5520,13.1243,35.2565
2024-11-25,11.4297,106.5510,176.8224,13.1533,34.8763
2024-11-26,11.4194,105.4489,174.3659,13.1113,34.6307
2024-11-27,11.5885,104.6579,171.1674,13.2268,34.6275
2024-11-28,11.5612,105.2019,176.3192,13.3214,34.6664
2024-11-29,11.4832,104.6926,173.8444,13.3467,34.0109
2024-12-02,11.7046,105.7588,177.8251,13.3596,33.9694
2024-12-03,11.6162,106.0476,181.3578,13.3533,34.0727
2024-12-04,11.6525,107.0579,183.9479,13.3697,33.9427
2024-12-05,11.6629,106.4528,180.6918,13.4067,34.0615
2024-12-06,11.6683,106.2567,181.5291,13.4668,34.0649
2024-12-09,11.7812,108.6338,184.0942,13.4731,34.1198
2024-12-10,11.8897,109.1417,183.6336,13.4511,34.2679
2024-12-11,11.9033,110.7263,184.5910,13.4233,34.3056
2024-12-12,11.8149,109.7354,180.8756,13.4224,34.5832
2024-12-13,12.0763,110.7935,181.2793,13.4178,34.4429
2024-12-16,12.1082,112.2613,180.6789,13.4724,34.8162
2024-12-17,12.1431,112.1653,180.7112,13.4635,35.0803
2024-12-18,12.2043,113.8629,185.8249,13.5375,35.4271
2024-12-19,12.2844,114.2494,184.6434,13.5235,34.9844
2024-12-20,12.1223,111.3309,178.3223,13.4844,34.6065
2024-12-23,12.0276,111.7572,180.8254,13.5206,34.9020
2024-12-24,11.9626,110.5881,174.5967,13.4900,34.9604
2024-12-25,11.9621,108.5224,168.3082,13.4488,35.3188
2024-12-26,11.9225,109.1850,169.5485,13.4037,35.3756
2024-12-27,11.9527,110.1124,172.0149,13.3323,36.1374
2024-12-30,11.9753,110.2483,170.6367,13.3173,36.1403
2024-12-31,12.0502,111.5619,171.9225,13.4124,36.6896
2025-01-01,12.0050,110.1588,168.1066,13.3862,37.2090
2025-01-02,12.0396,111.6867,169.7671,13.4161,36.7460
2025-01-03,12.0131,110.0273,170.6259,13.3533,36.9969
2025-01-06,12.0053,108.8035,171.3908,13.3451,36.9254
2025-01-07,12.1201,108.3300,171.3326,13.3692,36.5860
2025-01-08,12.0437,107.3292,171.7556,13.3799,36.2136
2025-01-09,12.1756,106.7568,171.3411,13.4457,36.8124
2025-01-10,12.3048,109.0543,178.2221,13.4779,37.1980
2025-01-13,12.1475,106.1380,174.0401,13.5990,37.3056
2025-01-14,12.2482,107.3830,177.3714,13.6417,37.5607
2025-01-15,12.3049,107.7338,179.3746,13.6595,37.9480
2025-01-16,12.4227,106.7991,178.1082,13.6323,37.7396
2025-01-17,12.2990,104.8194,175.2255,13.6216,37.5063
2025-01-20,12.4493,107.1312,179.6995,13.6343,37.5935
2025-01-21,12.6016,108.2766,183.2408,13.6411,37.1682
2025-01-22,12.5477,108.0043,185.8414,13.6029,37.2198
2025-01-23,12.4936,107.0459,180.1450,13.6521,37.0204
2025-01-24,12.5919,108.2367,185.2662,13.6603,37.2421
2025-01-27,12.7169,109.9638,190.4319,13.6499,37.3365
2025-01-28,12.7358,108.8722,190.5719,13.6389,36.8119
2025-01-29,12.6980,108.3160,190.9182,13.6408,36.8070
2025-01-30,12.7838,108.8488,192.4692,13.7107,36.5913
2025-01-31,12.5696,107.0646,189.5403,13.6920,36.5233
2025-02-03,12.4661,104.3121,181.1416,13.6774,36.2612
2025-02-04,12.5357,104.8897,181.8197,13.7236,36.2543
2025-02-05,12.3495,101.7376,176.5181,13.7175,36.2744
2025-02-06,12.2681,99.8232,173.6000,13.7189,36.0583
2025-02-07,12.2491,99.6595,171.5446,13.7753,36.3350
2025-02-10,12.2979,99.4895,170.3462,13.7871,36.6763
2025-02-11,12.3175,98.3528,168.0787,13.7494,36.8321
2025-02-12,12.3821,98.9299,168.7786,13.7867,36.5431
2025-02-13,12.2584,98.7055,168.7380,13.7946,36.6315
2025-02-14,12.0221,98.3300,170.4840,13.8355,36.5328
2025-02-17,12.0027,97.6998,167.8393,13.8313,36.3859
2025-02-18,11.9457,96.4016,165.0548,13.8313,36.7253
2025-02-19,12.0080,96.8349,168.0595,13.7661,36.2892
2025-02-20,11.7626,96.3978,166.9858,13.7365,36.6455
2025-02-21,11.8535,97.2250,169.7005,13.7926,36.7932
2025-02-24,11.7341,96.2640,169.3961,13.7524,36.3943
2025-02-25,11.6304,95.1230,164.3861,13.6837,36.4968
2025-02-26,11.5783,95.0406,162.3197,13.6363,36.2018
2025-02-27,11.7883,95.4326,167.0800,13.6786,35.8074
2025-02-28,11.6804,93.5872,163.3412,13.6770,35.6098
2025-03-03,11.6323,92.9157,162.8138,13.6628,35.9962
2025-03-04,11.7734,94.0642,163.3138,13.6474,35.7920
2025-03-05,11.7432,93.8354,159.9499,13.6163,35.7952
2025-03-06,11.6928,92.0395,154.9422,13.5271,36.2815
2025-03-07,11.9722,92.2960,157.3344,13.5624,36.5589
2025-03-10,11.9766,92.5331,158.9247,13.5709,37.0483
2025-03-11,11.9536,91.3889,159.2536,13.5942,36.5512
2025-03-12,11.8138,90.3970,157.3194,13.5853,36.7808
2025-03-13,11.8972,91.4392,159.5322,13.6280,36.9867
2025-03-14,11.7090,91.3120,159.6840,13.5933,37.5538
2025-03-17,11.7767,91.9080,158.5511,13.6487,38.1349
2025-03-18,11.8626,91.2943,157.7377,13.6521,37.6963
2025-03-19,11.9324,91.7774,159.0886,13.6412,38.0093
2025-03-20,11.8194,91.2513,157.4029,13.6632,37.7976
2025-03-21,11.6760,91.6765,155.4818,13.7238,37.5773
2025-03-24,11.6585,92.7143,157.0473,13.7779,37.8209
2025-03-25,11.7622,92.6923,155.2847,13.7961,37.7814
2025-03-26,11.7758,93.3287,156.2333,13.7656,37.4227
2025-03-27,11.8076,93.4584,154.8217,13.7244,37.2176
2025-03-28,11.9218,93.9680,156.5318,13.6368,37.2899
2025-03-31,11.9209,94.1083,158.9247,13.6339,37.4704
2025-04-01,11.8805,94.0968,161.6270,13.6984,37.5109
2025-04-02,11.8471,94.4831,164.5021,13.6729,37.1490
2025-04-03,11.9380,96.4238,168.0266,13.7039,37.0028
2025-04-04,11.5216,93.0359,161.6909,13.6710,36.7800
2025-04-07,11.5708,93.4976,160.9674,13.7101,36.4667
2025-04-08,11.3774,92.8787,159.2173,13.7040,36.4893
2025-04-09,11.2987,92.2717,158.7476,13.7047,36.4624
2025-04-10,11.3486,93.4147,160.9964,13.6835,36.3795
2025-04-11,11.3582,92.1994,158.6066,13.7278,36.3397
2025-04-14,11.4562,92.3108,157.6999,13.6511,36.2245
2025-04-15,11.3062,91.7229,154.6647,13.6193,35.8938
2025-04-16,11.2977,90.9788,153.5804,13.5536,35.8761
2025-04-17,11.3701,92.1088,157.5367,13.5922,35.9087
2025-04-18,11.4745,93.3119,162.2952,13.5979,35.8101
2025-04-21,11.3401,92.1390,161.8646,13.6697,34.8729
2025-04-22,11.3101,92.3360,163.8509,13.6601,35.0993
2025-04-23,11.4244,95.5069,170.4676,13.6791,35.4638
2025-04-24,11.3906,95.9694,171.3668,13.6635,35.3827
2025-04-25,11.3893,94.5860,167.4807,13.7075,35.8659
2025-04-28,11.5296,96.6147,174.2587,13.6666,35.9024
2025-04-29,11.8992,98.3989,177.5263,13.7163,36.0518
2025-04-30,11.8315,99.1118,178.9737,13.7638,35.7080
2025-05-01,11.8169,98.4212,174.5996,13.7557,35.7216
2025-05-02,11.8169,99.6702,178.3945,13.7232,35.8775
2025-05-05,12.0446,100.9065,184.4478,13.7118,35.3990
2025-05-06,12.0842,99.9278,182.1269,13.7887,35.2127
2025-05-07,11.9166,101.1296,187.3286,13.7774,35.3934
2025-05-08,11.9168,100.3840,182.7875,13.7442,35.5295
2025-05-09,11.9421,100.1411,180.9664,13.6854,35.0737
2025-05-12,11.9423,99.8804,181.6624,13.6880,35.0438
2025-05-13,11.9555,99.3203,178.7433,13.6066,34.9551
2025-05-14,11.7826,96.7105,173.2340,13.5805,34.6255
2025-05-15,11.6852,94.9431,170.0191,13.4895,34.6274
2025-05-16,11.8286,97.3844,175.1521,13.4505,34.6097
2025-05-19,11.8425,97.4847,173.6004,13.4761,34.3525
2025-05-20,11.7699,95.9321,166.7834,13.5417,34.7868
2025-05-21,11.7864,97.4002,168.8809,13.5413,34.8449
2025-05-22,11.6812,98.0799,168.5425,13.6216,34.4120
2025-05-23,11.7063,97.6868,166.0751,13.6048,33.8010
2025-05-26,11.7606,97.5269,164.5624,13.5901,33.3529
2025-05-27,11.8230,97.8920,165.1037,13.5982,33.1111
2025-05-28,11.8434,98.6893,168.6623,13.5466,32.8024
2025-05-29,12.0676,99.9862,172.6291,13.5680,32.6735
2025-05-30,12.0098,99.9671,172.5209,13.5956,33.0401
2025-06-02,12.1954,99.8839,175.5706,13.5727,32.9852
2025-06-03,12.2611,102.0081,177.0007,13.5649,33.2617
2025-06-04,12.1485,101.9201,177.3160,13.5549,33.4531
2025-06-05,12.0270,100.4353,175.5367,13.5095,33.7376
2025-06-06,11.9846,100.0572,173.3196,13.5597,33.8683
2025-06-09,11.9398,100.5446,175.4217,13.5763,33.9304
2025-06-10,11.8406,100.0869,174.3022,13.5807,34.6389
2025-06-11,11.7794,99.9354,172.4185,13.5481,34.9770
2025-06-12,11.9421,100.6491,172.4056,13.5730,35.7387
2025-06-13,11.7647,98.4165,169.7223,13.5633,35.8311
2025-06-16,11.8032,98.2470,169.3779,13.6393,35.5740
2025-06-17,11.7926,98.4438,168.3372,13.6572,35.6606
2025-06-18,11.8721,100.3520,171.8704,13.6822,35.9305
2025-06-19,11.8186,99.0888,168.0513,13.6304,35.1068
2025-06-20,12.0463,100.4695,171.5961,13.5587,36.0024
2025-06-23,12.0211,99.8743,169.8042,13.5999,36.3332
2025-06-24,12.0191,99.8229,168.7869,13.6561,37.2204
2025-06-25,12.0002,98.7996,163.8138,13.6395,36.8844
2025-06-26,12.0208,97.7374,162.2368,13.6560,37.2843
2025-06-27,11.9541,96.7063,160.0689,13.7106,37.2988
2025-06-30,12.1727,97.5022,161.6334,13.7015,37.3439
2025-07-01,12.0720,95.4984,160.7893,13.7718,37.6619
2025-07-02,12.0290,94.6087,155.4194,13.7575,37.5004
2025-07-03,11.8972,94.0389,155.0311,13.8233,36.9620
2025-07-04,11.9247,94.3944,153.8956,13.9122,37.1351
2025-07-07,11.8699,92.1394,150.8365,13.9473,36.7910
2025-07-08,11.8228,93.4327,159.1877,13.9006,36.6394
2025-07-09,11.8930,94.2145,158.9500,13.8217,36.7977
2025-07-10,11.6558,94.4735,159.7739,13.8210,36.8250
2025-07-11,11.7230,94.6653,161.1477,13.7954,37.2287
2025-07-14,11.7905,95.0113,159.6251,13.8662,37.2901
2025-07-15,11.8875,95.9964,164.2089,13.8732,37.0127
2025-07-16,11.9359,97.0476,167.8241,13.8924,36.7864
2025-07-17,12.0678,97.9098,167.8635,13.9202,36.9653
2025-07-18,12.1180,98.0272,167.0089,13.9747,37.4416
2025-07-21,12.2855,99.6476,170.5896,14.0272,37.8800
2025-07-22,12.5551,102.4937,176.2514,14.1302,37.9997
2025-07-23,12.6393,103.9654,181.9181,14.1348,37.5517
2025-07-24,12.5592,103.0338,182.7802,14.0811,36.7080
2025-07-25,12.6724,103.7231,185.3105,14.0993,36.9653
2025-07-28,12.7486,103.7586,188.8523,13.9996,36.8605
2025-07-29,12.6634,104.3025,191.7614,14.0248,37.5033
2025-07-30,12.6538,105.8483,196.8716,14.0107,37.5618
2025-07-31,12.6069,105.9008,199.4536,13.9640,37.9670
2025-08-01,12.5941,105.2467,201.3271,13.9784,37.3192
2025-08-04,12.6188,105.3388,199.9809,13.9342,37.3352
2025-08-05,12.6446,106.4493,201.0992,13.9250,36.8190
2025-08-06,12.6711,106.0995,198.8938,13.9042,37.1458
2025-08-07,12.4540,105.2252,197.7483,13.9186,37.4462
2025-08-08,12.3650,105.1840,197.0459,13.8625,37.4093
2025-08-11,12.1798,104.7542,194.7061,13.8304,37.4462
2025-08-12,11.9072,101.9365,187.7669,13.8759,37.5244
2025-08-13,11.9024,102.2084,190.2501,13.8062,37.2340
2025-08-14,11.8099,101.9249,185.4110,13.7965,36.9320
2025-08-15,11.6909,101.6843,185.6440,13.7410,36.9867
2025-08-18,11.8682,103.4774,189.9149,13.7832,36.5861
2025-08-19,11.7537,103.2237,188.0629,13.8205,36.2411
2025-08-20,11.7621,103.5434,188.2744,13.7866,36.1283
2025-08-21,11.6956,103.7703,186.6322,13.7405,36.2668
2025-08-22,11.6920,104.8798,187.5070,13.7101,36.2684
2025-08-25,11.6137,104.7576,185.4715,13.6872,35.7564
2025-08-26,11.4428,104.4218,187.6467,13.6877,35.8657
2025-08-27,11.7583,107.2387,196.2949,13.7159,35.1627
2025-08-28,11.6809,107.0112,194.8733,13.7065,34.6505
2025-08-29,11.7750,108.0692,196.3500,13.7184,34.3624
2025-09-01,11.8336,109.5227,200.6742,13.7207,34.4863
2025-09-02,11.7312,110.3286,200.7395,13.7760,35.1705
2025-09-03,11.7931,110.3052,199.3979,13.7587,35.0250
2025-09-04,11.7374,108.6348,196.7314,13.7916,34.6810
2025-09-05,11.8376,107.9431,196.6394,13.7825,35.0463
2025-09-08,11.7518,108.7684,199.5941,13.7126,34.8262
2025-09-09,11.6223,108.4873,196.3933,13.7046,35.0309
2025-09-10,11.8163,109.0963,199.3166,13.7802,35.3842
2025-09-11,11.7476,108.8540,195.4959,13.7326,35.5024
2025-09-12,11.6642,108.4872,193.4208,13.8024,35.9963
2025-09-15,11.5306,107.9540,192.2592,13.7304,35.7651
2025-09-16,11.5640,107.6877,191.9763,13.7154,35.2784
2025-09-17,11.5780,107.6334,191.7036,13.7315,35.9914
2025-09-18,11.5576,107.1905,190.2514,13.7063,35.8659
2025-09-19,11.6434,108.0326,189.7763,13.7032,35.3201
2025-09-22,11.7214,108.7566,189.0515,13.6945,34.9511
2025-09-23,11.6575,108.3728,189.4228,13.7372,35.0664
2025-09-24,11.7279,108.1838,190.0006,13.7126,34.8071
2025-09-25,11.7150,108.8040,190.9723,13.7766,34.3790
2025-09-26,11.9063,109.2074,192.1155,13.8330,34.7832
2025-09-29,11.7972,108.4525,186.9642,13.8817,33.9893
2025-09-30,11.6076,107.8049,187.9700,13.8825,34.0409
2025-10-01,11.7333,106.9052,191.7008,13.9401,34.1440
2025-10-02,11.6311,105.3119,186.5728,13.9431,34.4182
2025-10-03,11.9286,107.8782,189.3250,13.9068,34.1771
2025-10-06,11.8683,107.4046,188.0892,13.9160,34.1063
2025-10-07,11.7479,106.9971,182.7894,13.8893,34.4617
2025-10-08,11.7029,106.2334,183.6579,13.8856,34.3056
2025-10-09,11.6229,106.6151,183.4649,13.8953,34.7876
2025-10-10,11.5717,107.6569,184.3506,13.9343,34.7058
2025-10-13,11.5240,107.4430,184.1789,13.9666,34.7427
2025-10-14,11.6696,108.0623,184.5055,14.0174,34.7352
2025-10-15,11.8008,108.9334,186.5699,14.0552,35.1562
2025-10-16,11.8278,108.3520,183.4939,14.0945,35.0200
2025-10-17,11.7052,107.6647,180.0727,14.1529,35.0412
2025-10-20,11.8621,108.2255,180.8859,14.1609,34.5873
2025-10-21,11.9376,107.0810,175.2983,14.1609,34.8357
2025-10-22,11.9232,107.0123,172.7015,14.1276,34.7235
2025-10-23,11.7312,105.6882,169.3562,14.0686,34.8997
2025-10-24,11.8937,106.7176,173.7521,14.1020,34.7142
2025-10-27,11.8949,106.0976,173.2949,14.2046,34.8555
2025-10-28,11.8162,106.4890,171.4009,14.1555,34.8497
2025-10-29,11.7061,105.9370,167.5145,14.0289,34.7072
2025-10-30,11.9700,108.2910,173.5850,14.0510,34.9735
2025-10-31,12.2014,110.6713,180.7475,14.0451,35.0761
2025-11-03,12.4184,112.7936,183.8630,14.0202,34.4223
2025-11-04,12.4141,113.7461,184.3036,14.0223,34.4299
2025-11-05,12.3662,113.2374,182.2313,14.0276,33.9513
2025-11-06,12.5412,114.6209,184.8148,14.0655,33.7086
2025-11-07,12.7508,116.6892,187.8614,14.0438,33.4564
2025-11-10,12.5917,115.6252,185.8173,14.0739,33.3110
2025-11-11,12.3645,114.2503,186.0273,14.0855,33.5282
2025-11-12,12.6525,117.1920,192.4938,14.1506,33.2968
2025-11-13,12.5619,114.5525,186.5054,14.2034,33.4535
2025-11-14,12.6620,114.7689,187.0036,14.1875,33.1174
2025-11-17,12.7180,115.9316,192.7493,14.2135,32.7671
2025-11-18,12.6235,116.0849,193.5377,14.2083,32.7568
2025-11-19,12.7070,117.0157,192.2967,14.2557,32.6127
2025-11-20,12.8126,117.1517,190.6456,14.2816,33.0458
2025-11-21,12.8307,117.8751,193.3475,14.3758,32.9114
2025-11-24,12.7264,116.0496,189.6321,14.5282,32.7679
2025-11-25,12.9171,118.2263,190.7774,14.5573,32.9389
2025-11-26,13.1202,118.3897,192.7749,14.5598,33.0767
2025-11-27,13.0473,119.6477,200.3315,14.4877,33.2720
2025-11-28,13.1743,120.1314,200.7381,14.4580,32.6091
2025-12-01,13.4266,122.4186,201.9083,14.4752,33.3805
2025-12-02,13.4788,123.7943,204.9031,14.4398,33.3932
2025-12-03,13.2828,123.1855,205.5528,14.3205,32.9958
2025-12-04,13.0648,122.8829,203.6180,14.3131,33.0606
2025-12-05,13.1975,125.9876,212.4794,14.3209,33.4305
2025-12-08,13.3059,126.7462,212.2184,14.3878,33.5609
2025-12-09,13.3268,127.1734,213.8536,14.4159,33.3436
2025-12-10,13.2615,126.0430,210.8209,14.5021,33.5632
2025-12-11,13.4759,129.3420,220.2418,14.5454,34.2891
2025-12-12,13.4959,128.8004,222.7493,14.5739,34.3792
2025-12-15,13.4549,129.0482,226.0411,14.5726,34.2905
2025-12-16,13.6917,130.7086,231.5135,14.4901,34.6559
2025-12-17,13.8590,133.2833,237.8156,14.4409,34.6299
2025-12-18,14.0286,133.8303,240.0784,14.4981,34.8289
2025-12-19,13.8675,133.1843,241.3701,14.4438,34.9091
2025-12-22,13.9618,134.4220,244.0570,14.4782,34.9984
2025-12-23,13.8367,133.4422,240.2126,14.4497,35.0956
2025-12-24,13.9384,135.1549,247.7482,14.4796,35.3241
2025-12-25,13.8927,135.7081,249.0730,14.4509,34.5538
2025-12-26,13.9490,136.6300,248.8268,14.4566,34.9382
2025-12-29,13.9142,136.1562,242.3568,14.4828,34.9948
2025-12-30,13.9887,134.6525,237.7547,14.4901,34.9615
2025-12-31,13.8734,136.1501,245.8651,14.4477,35.1231
2026-01-01,13.6721,135.4472,245.1263,14.4582,35.0875
2026-01-02,13.3273,132.6539,239.6932,14.4127,34.6088
2026-01-05,13.4340,133.4680,237.7362,14.3939,34.6400
2026-01-06,13.4229,133.0862,235.7324,14.4588,34.3134
2026-01-07,13.4882,133.4854,234.1389,14.5318,34.6920
2026-01-08,13.6198,133.4953,240.3460,14.5026,35.0556
2026-01-09,13.3765,132.6383,235.6938,14.4563,34.7888
2026-01-12,13.4667,131.5140,231.6621,14.4704,35.2022
2026-01-13,13.3008,131.5746,229.0412,14.4441,35.0867
2026-01-14,13.3007,130.0539,228.6206,14.3762,35.6709
2026-01-15,13.4022,130.0363,225.1039,14.4893,35.5470
2026-01-16,13.3085,129.7152,223.5795,14.4431,35.3361
2026-01-19,13.2703,129.1847,222.4282,14.4628,34.9459
2026-01-20,13.4014,128.5749,222.0918,14.4843,35.7180
2026-01-21,13.4778,128.8689,224.9611,14.5029,36.4101
2026-01-22,13.3297,126.4201,220.5617,14.5170,36.2013
2026-01-23,13.2025,124.4127,217.7276,14.4658,35.9442
2026-01-26,12.9560,124.6024,216.3520,14.4552,35.6963
2026-01-27,12.8828,123.2672,215.4672,14.5067,35.5000
2026-01-28,12.8322,124.0670,214.6642,14.5503,35.2793
2026-01-29,12.9062,124.4972,213.9967,14.5398,34.9399
2026-01-30,12.8430,125.3287,214.2901,14.6172,35.2965
2026-02-02,13.0221,126.7610,219.3861,14.6760,35.6293
2026-02-03,12.9410,125.7614,215.3842,14.6719,35.1650
2026-02-04,13.0826,124.2641,210.5230,14.6214,34.9279
2026-02-05,13.1508,125.4355,213.5159,14.5783,34.5626
2026-02-06,13.4298,128.2988,218.7586,14.6054,34.5105
2026-02-09,13.4455,127.8951,221.6173,14.5842,34.7122
2026-02-10,13.5819,130.9246,229.3107,14.5550,34.8156
2026-02-11,13.5144,130.9016,231.3002,14.5149,34.9507
2026-02-12,13.3801,129.9492,230.5903,14.5762,35.1169
2026-02-13,13.3915,130.4579,237.3300,14.5681,34.8853
2026-02-16,13.2319,131.1141,238.4313,14.6288,35.8030
2026-02-17,13.2456,131.0190,237.8364,14.6382,35.6804
2026-02-18,13.4011,129.8366,232.1793,14.6820,36.1561
2026-02-19,13.4101,129.9108,234.7074,14.6948,36.2764
2026-02-20,13.4704,130.3595,232.4811,14.6290,36.5515
2026-02-23,13.2758,130.7712,235.9296,14.6146,36.8362
2026-02-24,13.2337,129.5674,236.8548,14.5936,37.0675
2026-02-25,12.8923,126.3662,230.6049,14.6036,36.7294
2026-02-26,12.9762,126.6770,229.7020,14.6511,36.9179
2026-02-27,12.8816,126.4189,228.4561,14.6277,37.5881
2026-03-02,13.1213,128.3876,233.1752,14.6586,37.7863
2026-03-03,13.1311,128.2209,232.4677,14.6379,37.9768
2026-03-04,13.0831,127.2023,229.2847,14.6958,37.6202
2026-03-05,13.2445,127.6949,226.9068,14.6813,37.5524
2026-03-06,13.4004,127.0904,228.8165,14.6725,37.4721
2026-03-09,13.3218,128.7745,234.3346,14.7433,37.4493
2026-03-10,13.5278,128.4198,234.6326,14.8057,37.5543
2026-03-11,13.5050,128.2391,235.8488,14.8298,37.4571
2026-03-12,13.3098,127.5035,231.6151,14.8362,37.7713
2026-03-13,13.2263,128.7140,236.7062,14.7826,38.3455
2026-03-16,13.0873,128.1344,236.4024,14.8178,39.0582
2026-03-17,12.9975,128.7705,237.7539,14.7527,38.9738
2026-03-18,13.1581,129.7620,239.1055,14.7641,39.4723
2026-03-19,13.2147,129.8297,241.5561,14.7323,39.7368
2026-03-20,13.2147,130.3168,243.4654,14.7220,39.5414
2026-03-23,13.2284,130.1921,244.0680,14.6847,39.1591
2026-03-24,13.1453,129.9684,246.7997,14.6887,39.6310
2026-03-25,13.2527,131.1831,251.2550,14.7851,39.6468
2026-03-26,13.3364,130.6792,246.6444,14.7551,40.1351
2026-03-27,13.3510,130.9736,247.9864,14.7051,39.2461
2026-03-30,13.2461,128.1150,244.3966,14.7071,39.3611
2026-03-31,13.4485,130.0325,249.0466,14.7146,39.9449
2026-04-01,13.4539,132.2314,252.2813,14.6983,39.6457
2026-04-02,13.3306,131.7948,256.5937,14.6920,39.7306
2026-04-03,13.2654,130.6350,250.5698,14.7358,40.3155
2026-04-06,13.4304,133.0351,257.1733,14.7333,40.3181
2026-04-07,13.5701,134.9722,262.2181,14.7010,40.8453
2026-04-08,13.5474,135.5486,259.0984,14.7375,41.2510
2026-04-09,13.4162,133.2349,254.4210,14.7616,40.9305
2026-04-10,13.2893,133.1227,251.3304,14.8235,41.4031
2026-04-13,12.9698,130.7217,241.1827,14.8555,40.9094
2026-04-14,13.0370,130.8507,240.0883,14.8581,41.4129
2026-04-15,12.9225,129.6650,234.8495,14.8535,41.4827
2026-04-16,13.1113,130.1319,238.0063,14.8061,41.3050
2026-04-17,13.2351,131.3698,241.8363,14.8013,41.3166
2026-04-20,13.2456,131.8106,241.9318,14.7641,41.1660
2026-04-21,13.4888,133.9864,251.9777,14.7464,41.4015
2026-04-22,13.5418,135.9367,254.1346,14.6790,41.1569
2026-04-23,13.8154,139.7879,265.7337,14.6497,41.0770
2026-04-24,13.6414,137.7959,259.4584,14.6824,40.5369
2026-04-27,13.4745,135.9218,253.2687,14.6582,40.2292
2026-04-28,13.1660,131.3307,240.2305,14.7361,40.0273
2026-04-29,13.0555,130.4911,241.6827,14.7164,39.9548
2026-04-30,13.0914,130.2656,240.4845,14.7949,39.9058
2026-05-01,13.1857,132.2539,244.0393,14.8879,40.5028
2026-05-04,13.2648,134.3585,246.0637,14.9137,40.2638
2026-05-05,13.2532,132.7249,245.9268,14.8498,39.8985
2026-05-06,13.1898,130.4839,239.5318,14.8015,39.4922
2026-05-07,13.2776,132.6209,245.9447,14.7268,39.0054
2026-05-08,13.3345,132.3222,246.1091,14.8628,38.4762
2026-05-11,13.3142,131.7926,246.6232,14.8181,38.5436
2026-05-12,13.3537,132.9242,253.7991,14.7964,38.2589
2026-05-13,13.5217,135.2487,255.0993,14.7326,38.6477
2026-05-14,13.3937,136.5420,262.0636,14.7069,38.8843
2026-05-15,13.3924,137.4409,264.8061,14.6905,39.6493
2026-05-18,13.2738,136.8251,264.7721,14.6811,39.3947
2026-05-19,13.2915,135.1653,263.4558,14.6983,39.5876
2026-05-20,13.3098,134.4925,262.5681,14.7273,39.5771
2026-05-21,13.3738,134.6373,264.2795,14.6451,39.1271
2026-05-22,13.4940,135.9441,263.6595,14.6954,39.1982
2026-05-25,13.3325,135.5669,262.4469,14.6562,38.9463
2026-05-26,13.3013,135.5342,262.7710,14.6780,38.8051
2026-05-27,13.1491,135.2738,259.1905,14.6812,39.2205
2026-05-28,12.8965,135.3206,256.6162,14.6702,39.3766
2026-05-29,12.8404,134.4998,255.1901,14.5924,38.8096
2026-06-01,12.9377,135.1201,257.7768,14.6277,39.1881
2026-06-02,12.8001,135.9331,261.1252,14.6380,38.9771
2026-06-03,12.9193,134.9278,263.7903,14.5973,39.4297
2026-06-04,12.7674,134.3406,262.8202,14.5469,39.0787
2026-06-05,12.5791,133.0532,258.4213,14.5575,39.3744
2026-06-08,12.7039,134.0700,260.3886,14.5034,39.2337
2026-06-09,12.6303,133.3653,258.4956,14.4628,38.6240
2026-06-10,12.5317,130.7656,258.0464,14.4007,38.8009
2026-06-11,12.6440,132.6496,258.9426,14.4072,38.8841
2026-06-12,12.7246,133.8234,259.7932,14.2933,38.9735
2026-06-15,12.8555,136.7088,266.7985,14.3305,38.8747
2026-06-16,12.9053,138.1614,265.1983,14.3889,39.2092
2026-06-17,13.1731,142.6594,274.7118,14.3403,39.2106
2026-06-18,12.9896,142.2592,273.6043,14.3148,38.3177
2026-06-19,13.2842,146.2166,283.9862,14.3541,38.1962
2026-06-22,13.0993,144.2643,279.5796,14.3446,38.2251
2026-06-23,13.1388,144.7018,284.8513,14.2790,38.6367
2026-06-24,13.1673,143.5960,282.7113,14.3645,38.5409
